<?xml version="1.0"?><!--Mario 64 Level Importer Settings File--><level><version>2.0.6</version><romfile>D:\SADX-DC\MA.z64</romfile><objfile>D:\SADX-DC\Models\X1-HC\HangCastle.obj</objfile><collisionfile>D:\SADX-DC\Models\X1-HC\HangCastle.obj</collisionfile><scaling>7</scaling><texscaling>1</texscaling><levelid>7</levelid><camera>0</camera><bankc>0</bankc><bankd>3</bankd><banke>0</banke><weather>0</weather><background>0</background><terrain>0</terrain><music>57</music><deathplane>1</deathplane><deathplaneheight>-10000</deathplaneheight><nomtl>0</nomtl><tweak>0</tweak><tweakid>0</tweakid><fog>0</fog><fogpreset>0</fogpreset><fogr>0</fogr><fogg>0</fogg><fogb>0</fogb><shadeL>255</shadeL><shadeR>127</shadeR><custombg>0</custombg><bgfile>No file loaded!</bgfile><offsetposition>0</offsetposition><offsetx>0</offsetx><offsety>0</offsety><offsetz>0</offsetz><setmariopos>0</setmariopos><mariox>0</mariox><marioy>0</marioy><marioz>0</marioz><water>0</water><scrolling>0</scrolling><fliptextures>0</fliptextures><swapxz>0</swapxz><rotatey>0</rotatey><angley>0</angley><centered>0</centered></level>