<?xml version="1.0"?><!--Mario 64 Level Importer Settings File--><level><version>2.0.6</version><romfile>D:\SADX-DC\MA.z64</romfile><objfile>D:\SADX-DC\Models\8-FE\FE.obj</objfile><collisionfile>D:\SADX-DC\Models\8-FE\FE.obj</collisionfile><scaling>0.3</scaling><texscaling>1</texscaling><levelid>4</levelid><camera>0</camera><bankc>2</bankc><bankd>1</bankd><banke>10</banke><weather>0</weather><background>0</background><terrain>0</terrain><music>49</music><deathplane>1</deathplane><deathplaneheight>-8192</deathplaneheight><nomtl>0</nomtl><tweak>0</tweak><tweakid>0</tweakid><fog>0</fog><fogpreset>0</fogpreset><fogr>0</fogr><fogg>0</fogg><fogb>0</fogb><shadeL>255</shadeL><shadeR>127</shadeR><custombg>1</custombg><bgfile>D:\SADX-DC\OriginalModels\FE\d256sc1f.png</bgfile><offsetposition>0</offsetposition><offsetx>0</offsetx><offsety>0</offsety><offsetz>0</offsetz><setmariopos>0</setmariopos><mariox>0</mariox><marioy>0</marioy><marioz>0</marioz><water>1</water><waterbox>Type = 0, (-2764, -9630), (-723, -8529), Height = -3240, Scale = 16 (Water)</waterbox><waterbox>Type = 1, (803, -12754), (20512, 11712), Height = 9000, Scale = 16 (Toxic Haze)</waterbox><scrolling>0</scrolling><fliptextures>0</fliptextures><swapxz>0</swapxz><rotatey>0</rotatey><angley>0</angley><centered>1</centered></level>