<?xml version="1.0"?><!--Mario 64 Level Importer Settings File--><level><version>2.0.6</version><romfile>D:\SADX-DC\MA.z64</romfile><objfile>D:\SADX-DC\Models\10-HS\HS.obj</objfile><collisionfile>D:\SADX-DC\Models\10-HS\HS.obj</collisionfile><scaling>0.3</scaling><texscaling>1</texscaling><levelid>6</levelid><camera>0</camera><bankc>6</bankc><bankd>4</bankd><banke>7</banke><weather>0</weather><background>0</background><terrain>0</terrain><music>52</music><deathplane>0</deathplane><deathplaneheight>-8192</deathplaneheight><nomtl>0</nomtl><tweak>0</tweak><tweakid>0</tweakid><fog>0</fog><fogpreset>0</fogpreset><fogr>0</fogr><fogg>0</fogg><fogb>0</fogb><shadeL>255</shadeL><shadeR>127</shadeR><custombg>0</custombg><bgfile>No file loaded!</bgfile><offsetposition>0</offsetposition><offsetx>0</offsetx><offsety>0</offsety><offsetz>0</offsetz><setmariopos>0</setmariopos><mariox>0</mariox><marioy>0</marioy><marioz>0</marioz><water>1</water><waterbox>Type = 0, (-20000, 20000), (20000, -20000), Height = 283, Scale = 16 (Water)</waterbox><waterbox>Type = 1, (3777, 11208), (-5759, 20600), Height = 4001, Scale = 16 (Toxic Haze)</waterbox><scrolling>0</scrolling><fliptextures>0</fliptextures><swapxz>0</swapxz><rotatey>0</rotatey><angley>0</angley><centered>1</centered></level>