<?xml version="1.0"?><!--Mario 64 Level Importer Settings File--><level><version>2.0.6</version><romfile>D:\SADX-DC\MA.z64</romfile><objfile>D:\SADX-DC\Models\5-IC\IC.obj</objfile><collisionfile>D:\SADX-DC\Models\5-IC\IC.obj</collisionfile><scaling>0.3</scaling><texscaling>1</texscaling><levelid>0</levelid><camera>0</camera><bankc>1</bankc><bankd>4</bankd><banke>0</banke><weather>1</weather><background>2</background><terrain>2</terrain><music>0</music><deathplane>0</deathplane><deathplaneheight>-8192</deathplaneheight><nomtl>0</nomtl><tweak>0</tweak><tweakid>0</tweakid><fog>0</fog><fogpreset>0</fogpreset><fogr>0</fogr><fogg>0</fogg><fogb>0</fogb><shadeL>255</shadeL><shadeR>127</shadeR><custombg>0</custombg><bgfile>No file loaded!</bgfile><offsetposition>0</offsetposition><offsetx>0</offsetx><offsety>0</offsety><offsetz>0</offsetz><setmariopos>0</setmariopos><mariox>0</mariox><marioy>0</marioy><marioz>0</marioz><water>1</water><waterbox>Type = 0, (-15000, 15000), (15000, -15000), Height = -3920, Scale = 16 (Water)</waterbox><scrolling>0</scrolling><fliptextures>0</fliptextures><swapxz>0</swapxz><rotatey>0</rotatey><angley>0</angley><centered>1</centered></level>