<?xml version="1.0"?><!--Mario 64 Level Importer Settings File--><level><version>2.0.6</version><romfile>D:\SADX-DC\MA.z64</romfile><objfile>D:\SADX-DC\Models\OW1-SS\SS.obj</objfile><collisionfile>D:\SADX-DC\Models\OW1-SS\SS-coll.obj</collisionfile><scaling>0.5</scaling><texscaling>1</texscaling><levelid>12</levelid><camera>0</camera><bankc>9</bankc><bankd>0</bankd><banke>0</banke><weather>0</weather><background>4</background><terrain>0</terrain><music>35</music><deathplane>0</deathplane><deathplaneheight>-8192</deathplaneheight><nomtl>0</nomtl><tweak>0</tweak><tweakid>0</tweakid><fog>0</fog><fogpreset>0</fogpreset><fogr>0</fogr><fogg>0</fogg><fogb>0</fogb><shadeL>255</shadeL><shadeR>127</shadeR><custombg>0</custombg><bgfile>No file loaded!</bgfile><offsetposition>0</offsetposition><offsetx>0</offsetx><offsety>0</offsety><offsetz>0</offsetz><setmariopos>1</setmariopos><mariox>-5682</mariox><marioy>-4324</marioy><marioz>12095</marioz><water>0</water><scrolling>0</scrolling><fliptextures>0</fliptextures><swapxz>0</swapxz><rotatey>0</rotatey><angley>0</angley><centered>1</centered></level>