<?xml version="1.0"?><!--Mario 64 Level Importer Settings File--><level><version>2.0.6</version><romfile>D:\SADX-DC\MA.z64</romfile><objfile>D:\SADX-DC\Models\X2-SP\SP.obj</objfile><collisionfile>D:\SADX-DC\Models\X2-SP\SP-coll.obj</collisionfile><scaling>7</scaling><texscaling>1</texscaling><levelid>30</levelid><camera>0</camera><bankc>5</bankc><bankd>0</bankd><banke>4</banke><weather>0</weather><background>3</background><terrain>3</terrain><music>58</music><deathplane>0</deathplane><deathplaneheight>-8192</deathplaneheight><nomtl>0</nomtl><tweak>0</tweak><tweakid>0</tweakid><fog>1</fog><fogpreset>0</fogpreset><fogr>194</fogr><fogg>178</fogg><fogb>128</fogb><shadeL>255</shadeL><shadeR>127</shadeR><custombg>0</custombg><bgfile>No file loaded!</bgfile><offsetposition>0</offsetposition><offsetx>0</offsetx><offsety>0</offsety><offsetz>0</offsetz><setmariopos>0</setmariopos><mariox>0</mariox><marioy>0</marioy><marioz>0</marioz><water>1</water><waterbox>Type = 0, (20971, -6425), (10401, -31876), Height = 1500, Scale = 16 (Water)</waterbox><scrolling>0</scrolling><fliptextures>0</fliptextures><swapxz>0</swapxz><rotatey>0</rotatey><angley>0</angley><centered>1</centered></level>