<?xml version="1.0"?><!--Mario 64 Level Importer Settings File--><level><version>2.0.6</version><romfile>D:\SADX-DC\MA.z64</romfile><objfile>D:\SADX-DC\Models\EX-b3\EX-b3.obj</objfile><collisionfile>D:\SADX-DC\Models\EX-b3\EX-b3-coll.obj</collisionfile><scaling>60</scaling><texscaling>1</texscaling><levelid>17</levelid><camera>0</camera><bankc>0</bankc><bankd>0</bankd><banke>0</banke><weather>1</weather><background>0</background><terrain>2</terrain><music>62</music><deathplane>1</deathplane><deathplaneheight>-4000</deathplaneheight><nomtl>0</nomtl><tweak>0</tweak><tweakid>0</tweakid><fog>1</fog><fogpreset>0</fogpreset><fogr>255</fogr><fogg>255</fogg><fogb>255</fogb><shadeL>255</shadeL><shadeR>127</shadeR><custombg>1</custombg><bgfile>D:\SADX-DC\Models\EX-b3\EX-b3\emblem.png</bgfile><offsetposition>0</offsetposition><offsetx>0</offsetx><offsety>0</offsety><offsetz>0</offsetz><setmariopos>0</setmariopos><mariox>0</mariox><marioy>0</marioy><marioz>0</marioz><water>0</water><scrolling>0</scrolling><fliptextures>0</fliptextures><swapxz>0</swapxz><rotatey>0</rotatey><angley>0</angley><centered>1</centered></level>